1,Groovy Tornadoes,Sharp Unstoppables
1,Dynamite Renegades,Wondrous Hustlers
1,Hip Rockers,Charming Masters
1,Polished Gamers,Groovy Performers
1,Inspiring Kings,Cool Outliers
1,Dynamite Outliers,Sophisticated Debuggers
1,Copacetic Tornadoes,Divine Diamonds
2,Sharp Unstoppables,Wondrous Hustlers
2,Groovy Tornadoes,Charming Masters
2,Groovy Performers,Dynamite Renegades
2,Hip Rockers,Cool Outliers
2,Polished Gamers,Sophisticated Debuggers
2,Divine Diamonds,Inspiring Kings
2,Copacetic Tornadoes,Dynamite Outliers
3,Sharp Unstoppables,Charming Masters
3,Groovy Performers,Wondrous Hustlers
3,Cool Outliers,Groovy Tornadoes
3,Sophisticated Debuggers,Dynamite Renegades
3,Divine Diamonds,Hip Rockers
3,Copacetic Tornadoes,Polished Gamers
3,Dynamite Outliers,Inspiring Kings
4,Sharp Unstoppables,Groovy Performers
4,Charming Masters,Cool Outliers
4,Sophisticated Debuggers,Wondrous Hustlers
4,Groovy Tornadoes,Divine Diamonds
4,Copacetic Tornadoes,Dynamite Renegades
4,Dynamite Outliers,Hip Rockers
4,Polished Gamers,Inspiring Kings
5,Sharp Unstoppables,Cool Outliers
5,Sophisticated Debuggers,Groovy Performers
5,Divine Diamonds,Charming Masters
5,Wondrous Hustlers,Copacetic Tornadoes
5,Dynamite Outliers,Groovy Tornadoes
5,Dynamite Renegades,Inspiring Kings
5,Hip Rockers,Polished Gamers
6,Sharp Unstoppables,Sophisticated Debuggers
6,Cool Outliers,Divine Diamonds
6,Copacetic Tornadoes,Groovy Performers
6,Charming Masters,Dynamite Outliers
6,Inspiring Kings,Wondrous Hustlers
6,Polished Gamers,Groovy Tornadoes
6,Dynamite Renegades,Hip Rockers
7,Sharp Unstoppables,Divine Diamonds
7,Copacetic Tornadoes,Sophisticated Debuggers
7,Dynamite Outliers,Cool Outliers
7,Inspiring Kings,Groovy Performers
7,Polished Gamers,Charming Masters
7,Wondrous Hustlers,Hip Rockers
7,Groovy Tornadoes,Dynamite Renegades
8,Sharp Unstoppables,Copacetic Tornadoes
8,Divine Diamonds,Dynamite Outliers
8,Sophisticated Debuggers,Inspiring Kings
8,Cool Outliers,Polished Gamers
8,Groovy Performers,Hip Rockers
8,Dynamite Renegades,Charming Masters
8,Wondrous Hustlers,Groovy Tornadoes
9,Sharp Unstoppables,Dynamite Outliers
9,Inspiring Kings,Copacetic Tornadoes
9,Polished Gamers,Divine Diamonds
9,Sophisticated Debuggers,Hip Rockers
9,Dynamite Renegades,Cool Outliers
9,Groovy Tornadoes,Groovy Performers
9,Wondrous Hustlers,Charming Masters
10,Sharp Unstoppables,Inspiring Kings
10,Dynamite Outliers,Polished Gamers
10,Copacetic Tornadoes,Hip Rockers
10,Dynamite Renegades,Divine Diamonds
10,Sophisticated Debuggers,Groovy Tornadoes
10,Wondrous Hustlers,Cool Outliers
10,Charming Masters,Groovy Performers
11,Polished Gamers,Sharp Unstoppables
11,Inspiring Kings,Hip Rockers
11,Dynamite Outliers,Dynamite Renegades
11,Groovy Tornadoes,Copacetic Tornadoes
11,Wondrous Hustlers,Divine Diamonds
11,Charming Masters,Sophisticated Debuggers
11,Cool Outliers,Groovy Performers
12,Sharp Unstoppables,Hip Rockers
12,Dynamite Renegades,Polished Gamers
12,Inspiring Kings,Groovy Tornadoes
12,Dynamite Outliers,Wondrous Hustlers
12,Copacetic Tornadoes,Charming Masters
12,Divine Diamonds,Groovy Performers
12,Cool Outliers,Sophisticated Debuggers
13,Dynamite Renegades,Sharp Unstoppables
13,Hip Rockers,Groovy Tornadoes
13,Polished Gamers,Wondrous Hustlers
13,Inspiring Kings,Charming Masters
13,Dynamite Outliers,Groovy Performers
13,Copacetic Tornadoes,Cool Outliers
13,Sophisticated Debuggers,Divine Diamonds
14,Sharp Unstoppables,Divine Diamonds
14,Copacetic Tornadoes,Sophisticated Debuggers
14,Dynamite Outliers,Cool Outliers
14,Inspiring Kings,Groovy Performers
14,Polished Gamers,Charming Masters
14,Wondrous Hustlers,Hip Rockers
14,Groovy Tornadoes,Dynamite Renegades
15,Sharp Unstoppables,Wondrous Hustlers
15,Groovy Tornadoes,Charming Masters
15,Groovy Performers,Dynamite Renegades
15,Hip Rockers,Cool Outliers
15,Polished Gamers,Sophisticated Debuggers
15,Divine Diamonds,Inspiring Kings
15,Copacetic Tornadoes,Dynamite Outliers
16,Sharp Unstoppables,Hip Rockers
16,Dynamite Renegades,Polished Gamers
16,Inspiring Kings,Groovy Tornadoes
16,Dynamite Outliers,Wondrous Hustlers
16,Copacetic Tornadoes,Charming Masters
16,Divine Diamonds,Groovy Performers
16,Cool Outliers,Sophisticated Debuggers
17,Sharp Unstoppables,Sophisticated Debuggers
17,Cool Outliers,Divine Diamonds
17,Copacetic Tornadoes,Groovy Performers
17,Charming Masters,Dynamite Outliers
17,Inspiring Kings,Wondrous Hustlers
17,Polished Gamers,Groovy Tornadoes
17,Dynamite Renegades,Hip Rockers
18,Groovy Tornadoes,Sharp Unstoppables
18,Dynamite Renegades,Wondrous Hustlers
18,Hip Rockers,Charming Masters
18,Polished Gamers,Groovy Performers
18,Inspiring Kings,Cool Outliers
18,Dynamite Outliers,Sophisticated Debuggers
18,Copacetic Tornadoes,Divine Diamonds
19,Sharp Unstoppables,Copacetic Tornadoes
19,Divine Diamonds,Dynamite Outliers
19,Sophisticated Debuggers,Inspiring Kings
19,Cool Outliers,Polished Gamers
19,Groovy Performers,Hip Rockers
19,Dynamite Renegades,Charming Masters
19,Wondrous Hustlers,Groovy Tornadoes
20,Polished Gamers,Sharp Unstoppables
20,Inspiring Kings,Hip Rockers
20,Dynamite Outliers,Dynamite Renegades
20,Groovy Tornadoes,Copacetic Tornadoes
20,Wondrous Hustlers,Divine Diamonds
20,Charming Masters,Sophisticated Debuggers
20,Cool Outliers,Groovy Performers
21,Sharp Unstoppables,Inspiring Kings
21,Dynamite Outliers,Polished Gamers
21,Copacetic Tornadoes,Hip Rockers
21,Dynamite Renegades,Divine Diamonds
21,Sophisticated Debuggers,Groovy Tornadoes
21,Wondrous Hustlers,Cool Outliers
21,Charming Masters,Groovy Performers
22,Sharp Unstoppables,Cool Outliers
22,Sophisticated Debuggers,Groovy Performers
22,Divine Diamonds,Charming Masters
22,Wondrous Hustlers,Copacetic Tornadoes
22,Dynamite Outliers,Groovy Tornadoes
22,Dynamite Renegades,Inspiring Kings
22,Hip Rockers,Polished Gamers
23,Sharp Unstoppables,Dynamite Outliers
23,Inspiring Kings,Copacetic Tornadoes
23,Polished Gamers,Divine Diamonds
23,Sophisticated Debuggers,Hip Rockers
23,Dynamite Renegades,Cool Outliers
23,Groovy Tornadoes,Groovy Performers
23,Wondrous Hustlers,Charming Masters
24,Dynamite Renegades,Sharp Unstoppables
24,Hip Rockers,Groovy Tornadoes
24,Polished Gamers,Wondrous Hustlers
24,Inspiring Kings,Charming Masters
24,Dynamite Outliers,Groovy Performers
24,Copacetic Tornadoes,Cool Outliers
24,Sophisticated Debuggers,Divine Diamonds
25,Sharp Unstoppables,Groovy Performers
25,Charming Masters,Cool Outliers
25,Sophisticated Debuggers,Wondrous Hustlers
25,Groovy Tornadoes,Divine Diamonds
25,Copacetic Tornadoes,Dynamite Renegades
25,Dynamite Outliers,Hip Rockers
25,Polished Gamers,Inspiring Kings
26,Sharp Unstoppables,Charming Masters
26,Groovy Performers,Wondrous Hustlers
26,Cool Outliers,Groovy Tornadoes
26,Sophisticated Debuggers,Dynamite Renegades
26,Divine Diamonds,Hip Rockers
26,Copacetic Tornadoes,Polished Gamers
26,Dynamite Outliers,Inspiring Kings
