Sharp Unstoppables,82.29,80.59,75.46
Dynamite Renegades,82.96,84.34,85.65
Hip Rockers,79.78,80.09,80.55
Polished Gamers,81.92,81.26,86.13
Inspiring Kings,77.98,85.14,82.31
Dynamite Outliers,79.47,79.47,77.66
Copacetic Tornadoes,84.64,83.06,75.83
Divine Diamonds,80.94,70.12,68.4
Sophisticated Debuggers,79.06,81.76,81.76
Cool Outliers,84.11,80.79,76.82
Groovy Performers,87.66,86.56,81.07
Charming Masters,76.86,79.64,82.46
Wondrous Hustlers,82.01,79.14,84.84
Groovy Tornadoes,76.97,84.66,82.83
