1,Flawless Crocodiles,Shocking Bros
1,Striking Zebras,Brilliant Performers
1,Elegant Gorillas,Charming Crushers
1,Hip Giants,Marvelous Tigers
1,Polished Elephants,Profound Unstoppables
2,Shocking Bros,Brilliant Performers
2,Flawless Crocodiles,Charming Crushers
2,Hip Giants,Striking Zebras
2,Polished Elephants,Elegant Gorillas
2,Profound Unstoppables,Marvelous Tigers
3,Charming Crushers,Shocking Bros
3,Hip Giants,Brilliant Performers
3,Flawless Crocodiles,Polished Elephants
3,Profound Unstoppables,Striking Zebras
3,Elegant Gorillas,Marvelous Tigers
4,Shocking Bros,Hip Giants
4,Polished Elephants,Charming Crushers
4,Brilliant Performers,Profound Unstoppables
4,Marvelous Tigers,Flawless Crocodiles
4,Elegant Gorillas,Striking Zebras
5,Polished Elephants,Shocking Bros
5,Hip Giants,Profound Unstoppables
5,Marvelous Tigers,Charming Crushers
5,Brilliant Performers,Elegant Gorillas
5,Flawless Crocodiles,Striking Zebras
6,Profound Unstoppables,Shocking Bros
6,Polished Elephants,Marvelous Tigers
6,Hip Giants,Elegant Gorillas
6,Charming Crushers,Striking Zebras
6,Brilliant Performers,Flawless Crocodiles
7,Marvelous Tigers,Shocking Bros
7,Profound Unstoppables,Elegant Gorillas
7,Striking Zebras,Polished Elephants
7,Hip Giants,Flawless Crocodiles
7,Charming Crushers,Brilliant Performers
8,Shocking Bros,Elegant Gorillas
8,Marvelous Tigers,Striking Zebras
8,Flawless Crocodiles,Profound Unstoppables
8,Polished Elephants,Brilliant Performers
8,Charming Crushers,Hip Giants
9,Striking Zebras,Shocking Bros
9,Flawless Crocodiles,Elegant Gorillas
9,Marvelous Tigers,Brilliant Performers
9,Charming Crushers,Profound Unstoppables
9,Hip Giants,Polished Elephants
10,Charming Crushers,Shocking Bros
10,Hip Giants,Brilliant Performers
10,Flawless Crocodiles,Polished Elephants
10,Profound Unstoppables,Striking Zebras
10,Elegant Gorillas,Marvelous Tigers
11,Shocking Bros,Brilliant Performers
11,Flawless Crocodiles,Charming Crushers
11,Hip Giants,Striking Zebras
11,Polished Elephants,Elegant Gorillas
11,Profound Unstoppables,Marvelous Tigers
12,Profound Unstoppables,Shocking Bros
12,Polished Elephants,Marvelous Tigers
12,Hip Giants,Elegant Gorillas
12,Charming Crushers,Striking Zebras
12,Brilliant Performers,Flawless Crocodiles
13,Shocking Bros,Elegant Gorillas
13,Marvelous Tigers,Striking Zebras
13,Flawless Crocodiles,Profound Unstoppables
13,Polished Elephants,Brilliant Performers
13,Charming Crushers,Hip Giants
14,Flawless Crocodiles,Shocking Bros
14,Striking Zebras,Brilliant Performers
14,Elegant Gorillas,Charming Crushers
14,Hip Giants,Marvelous Tigers
14,Polished Elephants,Profound Unstoppables
15,Marvelous Tigers,Shocking Bros
15,Profound Unstoppables,Elegant Gorillas
15,Striking Zebras,Polished Elephants
15,Hip Giants,Flawless Crocodiles
15,Charming Crushers,Brilliant Performers
16,Striking Zebras,Shocking Bros
16,Flawless Crocodiles,Elegant Gorillas
16,Marvelous Tigers,Brilliant Performers
16,Charming Crushers,Profound Unstoppables
16,Hip Giants,Polished Elephants
17,Shocking Bros,Hip Giants
17,Polished Elephants,Charming Crushers
17,Brilliant Performers,Profound Unstoppables
17,Marvelous Tigers,Flawless Crocodiles
17,Elegant Gorillas,Striking Zebras
18,Polished Elephants,Shocking Bros
18,Hip Giants,Profound Unstoppables
18,Marvelous Tigers,Charming Crushers
18,Brilliant Performers,Elegant Gorillas
18,Flawless Crocodiles,Striking Zebras
